budget,popularity,runtime,vote_average,vote_count,release_year,release_month,num_companies,num_credits,original_language,main_genre,rentable
150000000,10484.676,115.0,7.246,1878,2024,3,1,25,en,['Science Fiction',1
129000000,8763.998,116.0,7.079,1365,2023,8,1,27,en,['Action',1
18000000,5953.227,103.0,7.433,545,2023,4,1,30,en,['Horror',1
200000000,5409.104,127.0,7.34,1007,2023,6,1,38,en,['Action',1
190000000,4742.163,167.0,8.3,2770,2024,2,1,105,en,['Science Fiction',1
200000000,4425.387,125.0,6.507,2811,2023,2,1,64,en,['Action',1
75000000,3994.342,116.0,7.262,1129,2023,3,1,64,en,['Drama',1
16000000,3512.648,107.0,6.75,564,2023,7,1,34,en,['Horror',1
100000000,3195.72,94.0,7.35,984,2024,6,1,38,en,['Animation',1
100000000,2550.738,140.0,8.64,1684,2023,5,1,114,en,['Action',1
160000000,2419.072,145.0,6.868,1283,2024,5,1,30,en,['Science Fiction',1
200000000,2392.159,128.0,7.71,2828,2024,7,1,57,en,['Action',1
205000000,2141.691,124.0,6.786,756,2023,12,1,28,en,['Action',1
125000000,2010.98,130.0,6.781,1602,2023,3,1,51,en,['Action',1
60000000,1882.774,113.0,6.561,471,2023,4,1,15,en,['Fantasy',0
170000000,1872.179,149.0,7.652,2229,2024,5,1,84,en,['Action',1
165000000,1811.36,158.0,6.516,1282,2023,11,1,49,en,['History',1
100000000,1715.076,115.0,6.995,465,2024,6,1,51,en,['Action',1
38500000,1696.62,110.0,7.004,1073,2023,9,1,38,en,['Horror',1
80000000,1595.817,134.0,7.186,796,2023,9,1,53,en,['Science Fiction',1
80000000,1496.056,119.0,7.213,628,2024,8,1,14,en,['Horror',1
60000000,1486.614,110.0,7.173,1295,2024,3,1,25,en,['Fantasy',0
100000000,1329.764,157.0,7.3,1211,2023,11,1,70,en,['Drama',1
110000000,1311.852,104.0,7.5,285,2024,5,1,40,en,['Comedy',1
67000000,1131.329,99.0,6.79,546,2024,6,1,23,en,['Horror',1
20000000,955.039,93.0,6.836,341,2023,8,1,19,en,['Action',0
90000000,904.25,103.0,8.284,5759,2022,12,1,29,en,['Animation',1
60000000,813.181,101.0,7.179,815,2024,4,1,32,en,['Animation',1
72000000,800.053,83.0,7.563,1009,2023,12,1,35,en,['Animation',1
55000000,794.125,123.0,7.662,657,2023,4,1,31,en,['War',0
100000000,750.624,103.0,6.431,815,2023,9,1,39,en,['Action',0
70000000,729.356,100.0,7.248,435,2023,7,1,37,en,['Animation',1
6200000,700.136,91.0,7.428,858,2023,1,1,65,fi,['Action',1
90000000,659.169,170.0,7.827,4159,2023,3,1,29,en,['Action',1
15000000,596.615,96.0,7.038,1937,2023,4,1,17,en,['Thriller',1
22000000,583.976,96.0,4.568,110,2024,5,1,25,en,['Horror',0
340000000,554.411,142.0,7.1,5161,2023,5,1,40,en,['Action',1
155000000,523.435,123.0,7.145,320,2024,7,1,53,en,['Action',1
125000000,512.661,126.0,7.227,1606,2024,4,1,55,en,['Action',1
10000000,508.27,100.0,6.007,76,2024,5,1,36,en,['Drama',0
30000000,492.742,111.0,5.494,82,2023,10,1,35,en,['Horror'],1
100000000,478.162,115.0,6.7,139,2024,3,1,53,en,['Fantasy',1
291000000,455.243,164.0,7.586,2735,2023,7,1,77,en,['Action'],1
200000000,452.285,206.0,7.525,2039,2023,10,1,214,en,['Crime',0
15800000,438.335,117.0,8.281,2966,2020,10,1,35,ja,['Animation',1
45000000,434.038,92.0,6.229,1118,2023,3,1,5,en,['Science Fiction',1
40000000,430.749,140.0,7.095,3584,2022,11,1,40,en,['Comedy',0
100000000,423.702,181.0,8.111,7611,2023,7,1,81,en,['Drama',1
60000000,418.706,104.0,6.794,742,2023,9,1,28,en,['Mystery',1
20000000,407.163,112.0,7.576,1265,2022,11,1,50,en,['Action',1
45000000,395.745,104.0,6.889,275,2023,6,1,49,en,['Comedy',1
250000000,394.087,119.0,6.625,5488,2022,7,1,128,en,['Fantasy',1
23000000,368.367,126.0,7.209,339,2022,9,1,36,en,['History',0
13000000,363.334,118.0,7.4,1176,2023,9,1,25,en,['Horror',1
8250000,360.618,92.0,4.8,32,2024,5,1,15,en,['Horror',1
13000000,348.423,125.0,8.095,184,2023,11,1,11,ja,['Science Fiction',1
50000000,347.665,111.0,5.652,33,2024,8,1,14,en,['Fantasy',0
250000,338.682,138.0,6.966,1033,2022,10,1,63,en,['Horror'],1
35000000,337.215,142.0,7.788,3376,2023,12,1,53,en,['Science Fiction',1
165000000,326.317,147.0,6.9,4493,2022,6,1,41,en,['Adventure',1
180000000,318.312,102.0,6.513,831,2022,11,1,19,en,['Animation',0
50000000,310.872,181.0,7.023,132,2024,6,1,66,en,['Drama',0
1000000,310.154,111.0,7.684,122,2023,1,1,26,en,['Drama',1
90000000,302.905,126.0,7.495,3601,2022,7,1,82,en,['Action',1
30000000,300.859,119.0,6.824,663,2024,4,1,49,en,['Horror'],1
460000000,298.881,192.0,7.656,9794,2022,12,1,80,en,['Science Fiction',1
110000000,297.805,122.0,7.599,3716,2022,4,1,78,en,['Action',1
170000000,297.574,131.0,8.273,7187,2022,5,1,47,en,['Action',1
40000000,287.552,108.0,6.491,107,2023,10,1,11,en,['Action',0
50000000,281.488,102.0,7.654,7969,2021,10,1,21,en,['Animation',1
300000000,279.277,144.0,6.835,3292,2023,6,1,62,en,['Action',0
50000000,278.307,124.0,7.521,1472,2023,7,1,14,ja,['Animation',1
104000000,270.688,128.0,6.873,2151,2023,8,1,35,en,['Action',1
70000000,267.683,94.0,6.462,743,2023,5,1,35,en,['Mystery',0
20000000,259.863,110.0,7.719,3276,2023,10,1,31,en,['Horror',1
200000000,257.264,124.0,7.054,5217,2022,10,1,57,en,['Action',1
35000000,248.977,105.0,7.4,2637,2024,1,1,47,en,['Action',1
12000000,245.656,102.0,7.308,2811,2022,12,1,21,en,['Science Fiction',1
100000000,244.799,93.0,7.685,8217,2023,4,1,40,en,['Animation',1
110000000,237.124,97.0,6.873,8704,2021,9,1,55,en,['Science Fiction',1
125000000,234.856,117.0,7.159,3267,2023,12,1,51,en,['Comedy',1
5000000,230.032,88.0,5.775,649,2022,9,1,18,en,['Horror',1
200000000,215.904,148.0,7.992,18149,2021,12,1,63,en,['Action',1
250000000,205.855,150.0,7.976,6424,2023,5,1,90,en,['Science Fiction',1
80000000,191.037,116.0,5.532,1644,2024,2,1,32,en,['Action',1
200000000,190.547,142.0,6.8,3349,2022,4,1,41,en,['Fantasy',1
14500000,184.28,131.0,8.061,1801,2023,7,1,25,en,['Action',1
86000000,183.787,107.0,7.76,713,2023,7,1,14,fr,['Animation',0
30000000,183.373,92.0,7.089,404,2023,9,1,22,en,['Animation',1
14000000,182.524,93.0,7.001,594,2023,9,1,35,en,['Romance',0
75000000,182.259,92.0,7.09,2650,2022,1,1,44,en,['Animation',0
100000000,177.468,132.0,7.452,52,2024,7,1,21,en,['Comedy',0
20000000,176.649,100.0,6.367,1668,2023,2,1,25,en,['Horror',1
32500000,170.42,96.0,6.219,1358,2023,2,1,23,en,['Thriller',1
3000000,167.952,116.0,8.008,2470,2022,12,1,8,en,['Drama'],1
175000000,167.028,100.0,7.4,4887,2022,3,1,70,en,['Animation',0
185000000,165.673,177.0,7.714,8191,2022,3,1,88,en,['Crime',1
75000000,164.75,105.0,6.181,3385,2022,3,1,34,en,['Action',1
74000000,161.315,112.0,6.654,2567,2022,3,1,37,en,['Action',1
2400000,160.063,100.0,6.6,287,2022,10,1,23,es,['Thriller',0
10000000,158.879,121.0,7.6,38,2024,4,1,12,en,['Action',1
50000000,157.372,114.0,6.876,238,2023,1,1,21,en,['Action',0
145000000,157.167,114.0,7.032,8768,2023,7,1,174,en,['Comedy',1
150000000,152.859,132.0,7.6,7803,2021,9,1,41,en,['Action',1
165000000,151.007,155.0,7.785,12118,2021,9,1,41,en,['Science Fiction',1
200000000,149.286,149.0,7.0,37,2022,2,1,26,zh,['War',1
6000000,147.424,102.0,8.1,375,2023,12,1,7,es,['Animation',0
120000000,147.231,116.0,7.043,4461,2022,2,1,33,en,['Action',1
39000000,146.814,111.0,7.5,4946,2021,5,1,32,en,['Horror',1
250000000,145.933,162.0,7.119,6238,2022,11,1,81,en,['Action',1
36150000,143.524,169.0,7.4,152,2023,9,1,40,hi,['Action',1
70000000,142.497,137.0,7.112,3197,2022,4,1,58,en,['Action',0
35000000,141.43,107.0,7.233,2569,2022,11,1,35,en,['Horror',1
12000000,141.364,106.0,7.89,666,2023,6,1,36,en,['Drama',1
205000000,135.822,150.0,7.18,9275,2020,8,1,65,en,['Action',1
20000000,134.757,102.0,7.363,1191,2022,2,1,48,en,['Drama',1
15600000,134.015,147.0,7.275,1070,2022,9,1,152,en,['Comedy',1
200000000,132.456,95.0,7.9,7127,2021,6,1,21,en,['Animation',0
294700000,132.307,155.0,6.6,3195,2023,6,1,86,en,['Adventure',1
185000000,127.375,132.0,7.5,8166,2021,7,1,65,en,['Action',0
14000000,126.887,99.0,7.13,2116,2021,9,1,22,en,['Romance',1
40000000,126.553,119.0,7.682,4197,2021,4,1,48,en,['Action',1
200000000,125.594,126.0,7.299,8761,2022,5,1,58,en,['Fantasy',1
30069500,124.732,167.0,5.6,93,2024,1,1,66,hi,['Action',1
30000000,122.606,107.0,6.777,1061,2022,4,1,36,en,['Action',0
10000000,122.264,106.0,6.778,1758,2022,3,1,12,en,['Horror',1
190000000,122.226,147.0,6.5,4572,2021,12,1,58,en,['Science Fiction',0
60000000,120.185,120.0,7.286,385,2024,4,1,40,en,['Action',0
19000000,119.527,107.0,7.953,415,2024,3,1,24,en,['Adventure',1
80000000,118.852,100.0,7.7,1407,2022,3,1,17,en,['Animation',1
75000000,117.942,124.0,7.389,4493,2021,11,1,40,en,['Fantasy',1
35000000,117.493,179.0,7.0,369,2023,4,1,71,en,['Comedy',0
95000000,115.761,141.0,6.896,101,2023,12,1,40,en,['Music',0
78000000,115.361,189.0,7.412,2718,2022,12,1,238,en,['Drama',0
9000000,114.107,104.0,6.392,37,2023,5,1,18,en,['Romance',1
20000000,113.793,117.0,6.889,27,2023,11,1,30,en,['Drama',0
200000000,113.697,156.0,6.914,7615,2021,11,1,38,en,['Science Fiction',1
90000000,113.412,112.0,7.418,1006,2023,4,1,41,en,['Drama',0
75000000,113.27,181.0,6.705,39,2024,6,1,38,te,['Drama',1
25000000,113.096,140.0,7.8,6249,2022,3,1,36,en,['Action',1
200000000,111.879,114.0,7.611,9796,2021,3,1,48,en,['Action',1
69000000,110.946,186.0,7.845,956,2022,3,1,31,te,['Action',1
20000000,110.478,110.0,7.1,5127,2021,4,1,32,en,['Action',1
200000000,110.44,134.0,8.083,7999,2021,5,1,34,en,['Comedy',1
15000000,109.915,105.0,7.139,1557,2023,12,1,65,en,['Drama',1
100000000,109.791,107.0,7.937,5891,2021,3,1,21,en,['Animation',1
175000000,109.668,118.0,6.649,1188,2023,10,1,48,en,['Crime',0
2620000,107.947,109.0,6.0,130,2022,4,1,11,en,['Horror',0
40000000,107.16,107.0,6.1,1991,2021,11,1,32,en,['Horror',0
90000000,106.86,139.0,7.249,506,2022,11,1,53,en,['War',0
100000000,106.015,131.0,6.8,4029,2021,12,1,101,en,['Action',1
160000000,105.783,118.0,6.795,4664,2021,11,1,29,en,['Action',0
64000000,105.602,97.0,7.3,1510,2021,11,1,25,en,['Family',1
151000000,104.118,134.0,7.382,3135,2023,3,1,76,en,['Adventure',1
8000000,104.107,84.0,5.6,186,2024,2,1,36,en,['Comedy',0
17000000,103.865,92.0,8.077,5590,2021,3,1,44,en,['Action',1
65000000,103.509,93.0,6.759,898,2023,4,1,42,en,['Comedy',0
85000000,103.121,110.0,7.878,4144,2021,12,1,63,en,['Animation',1
9100000,102.77,136.0,6.2,416,2021,4,1,53,ru,['Drama',0
35000000,101.42,123.0,7.066,2298,2023,3,1,39,en,['Horror',1
50000000,101.353,126.0,7.885,1332,2022,12,1,37,en,['Comedy',1
45000000,100.951,119.0,7.045,1115,2023,8,1,23,en,['Thriller',0
85000000,98.373,87.0,7.3,3307,2022,6,1,55,en,['Animation',1
150000000,98.308,101.0,8.161,8890,2020,12,1,30,en,['Animation',0
18052672,98.122,140.0,7.9,171,2022,8,1,60,ko,['Action',1
82000000,97.846,107.0,7.4,2423,2021,7,1,28,en,['Animation',1
5000000,97.677,136.0,6.7,471,2021,4,1,37,ru,['Action',0
45000000,93.075,98.0,6.822,216,2022,7,1,44,en,['Animation',0
45000000,92.786,112.0,7.1,249,2023,2,1,80,en,['Comedy',1
65000000,92.521,95.0,7.5,3482,2020,11,1,17,en,['Animation',1
6600000,92.205,108.0,6.4,1393,2021,7,1,21,fr,['Drama',0
20000000,90.965,100.0,6.7,1290,2021,5,1,33,en,['Thriller',1
8400000,90.129,120.0,7.0,122,2021,1,1,28,ru,['Fantasy',1
200000000,89.816,151.0,6.51,7429,2020,12,1,152,en,['Action',0
250000000,89.622,163.0,7.397,5666,2021,9,1,63,en,['Action',1
10500000,88.942,103.0,6.9,1269,2022,9,1,21,en,['Horror',1
200000000,88.79,105.0,7.082,2906,2022,6,1,34,en,['Animation',1
85000000,88.454,159.0,7.571,2948,2022,6,1,98,en,['Drama',1
10000000,86.834,105.0,6.339,526,2022,8,1,25,en,['Horror',1
23000000,86.683,108.0,6.9,1304,2021,1,1,20,en,['Action',1
25000000,86.464,105.0,6.654,613,2023,6,1,160,en,['Comedy',1
157800000,85.997,123.0,6.609,744,2023,7,1,75,en,['Fantasy',0
146000000,85.04,131.0,6.4,2526,2022,2,1,77,en,['Science Fiction',0
200000000,84.178,139.0,6.15,1099,2024,1,1,40,en,['Action',0
68000000,83.914,130.0,6.928,2592,2022,7,1,31,en,['Horror',1
50000000,82.968,106.0,7.3,438,2022,10,1,42,en,['Comedy',1
200000000,82.963,134.0,7.32,9123,2021,7,1,96,en,['Action',1
85000000,81.283,99.0,7.352,8765,2020,2,1,45,en,['Action',1
24000000,79.793,114.0,6.689,2951,2022,1,1,40,en,['Horror',1
60000000,79.236,95.0,7.545,2593,2020,8,1,23,en,['Family',0
90000000,79.213,124.0,7.2,7347,2020,1,1,97,en,['Thriller',1
55000000,78.903,132.0,7.142,1303,2024,4,1,55,en,['Romance',1
50000000,77.875,144.0,7.0,166,2022,12,1,25,en,['Music',0
109000000,77.62,100.0,7.6,3179,2020,2,1,47,en,['Adventure',1
18000000,74.343,103.0,7.008,2307,2021,6,1,41,en,['Horror',1
110000000,74.206,115.0,7.507,8412,2021,8,1,72,en,['Comedy',1
4500000,73.875,118.0,6.5,133,2023,1,1,26,en,['Horror',1
38504400,73.73,118.0,6.2,107,2021,4,1,19,cn,['Action',0
6500000,73.183,97.0,6.256,445,2022,1,1,6,en,['Horror',0
13000000,72.941,133.0,7.7,1335,2023,10,1,45,en,['Comedy',1
8500000,72.199,89.0,5.0,282,2022,1,1,7,en,['Thriller',0
25000000,72.069,117.0,6.8,640,2022,11,1,61,en,['Family',1
75000000,71.872,138.0,7.125,7471,2021,12,1,133,en,['Comedy',0
50000000,71.742,135.0,7.733,1755,2022,9,1,44,en,['Action',1
43000000,71.26,104.0,6.3,815,2022,2,1,34,en,['Action',0
60000000,71.093,104.0,6.7,2825,2020,12,1,20,en,['Action',0
25000000,70.595,107.0,6.97,2084,2023,1,1,44,en,['Action'],1
26000000,70.079,86.0,7.4,1175,2021,8,1,21,en,['Animation',1
200000000,69.624,115.0,6.915,6212,2020,9,1,35,en,['Adventure',0
40000000,69.374,111.0,6.865,1800,2021,9,1,43,en,['Horror',0
200000000,68.323,127.0,7.442,4993,2021,7,1,34,en,['Action',1
75000000,66.148,108.0,6.9,9823,2020,2,1,99,en,['Action',1
10000000,65.179,99.0,6.718,1803,2021,3,1,38,en,['Horror',1
36000000,64.843,113.0,6.12,415,2024,1,1,108,en,['Comedy'],1
40000000,64.824,136.0,6.8,1466,2022,3,1,46,en,['Thriller'],1
22700000,63.909,115.0,7.9,890,2023,9,1,32,fr,['Action',0
200000000,63.21,138.0,7.562,3042,2021,9,1,84,en,['Action',0
200000000,63.178,143.0,7.1,6718,2021,5,1,46,en,['Action',1
15900000,62.891,132.0,8.2,20,2023,12,1,21,en,['Drama'],1
88000000,62.834,121.0,6.6,1283,2021,7,1,24,en,['Action',0
38400000,61.988,125.0,7.312,69,2024,4,1,54,cn,['Action',1
50000000,61.13,101.0,6.9,2175,2021,2,1,57,en,['Comedy',1
15000000,60.078,118.0,6.9,720,2021,3,1,44,en,['Crime',0
18000000,59.565,108.0,6.378,3906,2021,7,1,33,en,['Thriller',1
6500000,59.28,135.0,7.1,164,2023,11,1,15,fr,['Romance',0
35000000,58.727,123.0,6.858,1532,2022,9,1,39,en,['Thriller',1
30000000,56.395,104.0,6.7,405,2023,9,1,88,en,['History',0
17000000,56.204,115.0,6.688,2565,2022,9,1,36,en,['Horror',1
20000000,56.157,131.0,7.0,2122,2023,11,1,32,en,['Drama',1
20000000,56.034,93.0,6.1,1483,2021,5,1,29,en,['Horror',1
12000000,55.356,94.0,5.808,465,2022,5,1,25,en,['Science Fiction',0
45000000,53.444,93.0,7.219,652,2021,3,1,20,en,['Family',1
17000000,52.646,99.0,6.291,864,2021,10,1,20,en,['Drama',1
150000000,52.637,115.0,6.8,3791,2021,7,1,40,en,['Family',1
38000000,52.382,156.0,6.3,10,2023,11,1,27,hi,['Action',1
30000000,51.554,88.0,7.361,438,2021,5,1,19,en,['Animation',0
30000000,50.163,128.0,6.337,1985,2021,1,1,49,en,['Crime',0
17000000,49.91,115.0,6.801,2035,2020,7,1,54,ko,['Action',1
60000000,49.688,150.0,6.998,2593,2021,12,1,54,en,['Crime',0
2000000,49.048,81.0,6.4,79,2021,6,1,11,de,['Animation',1
23000000,47.906,112.0,6.9,698,2022,2,1,100,en,['Romance',1
50000000,47.67,145.0,7.731,1997,2021,11,1,90,en,['Drama',0
17000000,47.653,103.0,7.637,4539,2022,6,1,36,en,['Crime',1
40500000,47.564,94.0,7.2,608,2022,1,1,23,en,['Fantasy',0
200000000,47.176,103.0,7.752,5389,2020,2,1,14,en,['Family',0
90000000,46.755,105.0,7.257,1502,2022,7,1,31,en,['Animation',1
90000000,46.35,148.0,6.2,3838,2021,5,1,58,en,['Action',1
61000000,46.269,97.0,7.511,5691,2021,5,1,31,en,['Science Fiction',1
12000000,45.84,88.0,7.1,438,2023,1,1,17,es,['Animation',1
5000000,45.69,88.0,6.101,691,2021,2,1,29,en,['Action',0
100000000,45.601,153.0,7.5,2668,2021,10,1,67,en,['Action',0
30000000,45.422,134.0,7.858,288,2022,1,1,14,en,['Romance',0
1000000,45.008,102.0,7.307,1363,2022,9,1,12,en,['Horror',1
18000000,44.259,94.0,6.26,652,2020,10,1,23,en,['Horror',0
20000000,43.898,105.0,6.56,2200,2021,10,1,46,en,['Horror',1
34000000,43.806,120.0,7.131,3735,2020,7,1,28,en,['Action',1
13000000,43.789,145.0,5.8,131,2021,11,1,32,hi,['Action',1
60000000,43.073,108.0,7.025,668,2022,8,1,56,en,['Fantasy',0
3896000,43.052,91.0,6.3,240,2022,3,1,13,fi,['Horror',0
4749917,43.026,97.0,6.1,122,2022,3,1,14,en,['Drama',0
75000000,42.965,122.0,6.1,963,2022,1,1,63,en,['Action',0
32000000,42.938,129.0,7.295,232,2022,11,1,69,en,['Drama',0
40000000,42.912,151.0,7.712,1827,2022,11,1,66,en,['Drama',1
6300000,42.048,98.0,7.3,1453,2020,6,1,37,ko,['Action',1
24000000,41.183,126.0,7.5,1548,2022,7,1,50,en,['Drama',1
70000000,40.63,117.0,6.733,1790,2021,6,1,61,en,['Action',1
5900000,40.208,118.0,7.1,66,2022,5,1,17,ja,['Drama',1
22000000,39.963,113.0,7.679,5273,2020,1,1,34,en,['Action',1
90000000,39.356,93.0,7.1,1491,2020,7,1,39,en,['Animation',0
8300000,39.147,104.0,6.7,144,2021,10,1,19,no,['Action',0
175000000,38.995,101.0,6.7,3201,2020,1,1,55,en,['Family',1
25000000,38.878,91.0,6.1,1223,2021,8,1,44,en,['Horror',1
10000000,38.245,98.0,7.136,2208,2021,8,1,12,en,['Thriller',1
90000000,37.729,127.0,6.48,2829,2022,2,1,54,en,['Mystery',1
43000000,37.702,117.0,7.4,2364,2021,10,1,53,en,['Horror',0
42000000,37.612,110.0,6.782,4523,2020,3,1,35,en,['Action',0
85000000,37.092,148.0,7.3,115,2023,7,1,75,zh,['Action',1
2000000,36.715,90.0,7.3,51,2020,12,1,28,ja,['Animation',1
30000000,36.658,109.0,7.4,3402,2020,10,1,28,en,['Comedy',0
20000000,36.643,111.0,6.126,1691,2022,10,1,45,en,['Horror',1
6750000,36.631,100.0,7.0,29,2023,1,1,39,fr,['Drama',0
90000000,36.022,90.0,7.3,1919,2020,3,1,43,en,['Family',0
18000000,35.994,131.0,7.1,1222,2022,11,1,29,it,['Drama',0
15000000,35.945,88.0,6.7,1464,2021,7,1,30,en,['Horror',1
30000000,35.57,114.0,6.4,758,2021,7,1,29,en,['Action',0
4000000,35.297,124.0,7.4,394,2022,4,1,47,en,['Drama'],1
30000000,35.247,95.0,5.7,396,2020,8,1,30,en,['Action',0
30000000,35.074,120.0,8.5,19,2024,1,1,28,en,['Drama',0
63000000,34.982,146.0,7.9,35,2023,1,1,53,hi,['Action',1
7475000,34.451,115.0,7.8,88,2023,10,1,30,pl,['Drama',1
100000000,34.231,136.0,5.6,381,2022,11,1,105,en,['Comedy',0
21000000,33.566,136.0,7.1,871,2021,2,1,65,ko,['Drama',0
17000000,33.264,93.0,6.387,31,2022,12,1,12,en,['Animation',0
20000000,33.126,104.0,6.8,563,2022,9,1,24,en,['Romance',1
5000000,33.047,128.0,7.6,811,2021,10,1,42,no,['Drama',1
20000000,32.771,88.0,4.1,522,2021,3,1,20,en,['Action',0
10000000,32.691,112.0,8.0,1721,2021,8,1,51,en,['Drama',0
35000000,32.454,158.0,7.2,768,2022,9,1,81,en,['Drama',0
80000000,32.203,134.0,6.1,1109,2022,9,1,57,en,['Comedy',0
33000000,31.724,90.0,6.4,1737,2020,7,1,28,en,['Action',1
7000000,31.299,124.0,7.128,5301,2020,2,1,25,en,['Thriller',1
11700000,30.809,93.0,6.0,43,2021,10,1,19,de,['Family',1
1700000,30.366,90.0,7.358,2035,2020,11,1,17,en,['Thriller',1
10000000,30.109,96.0,6.36,232,2023,9,1,29,fr,['Comedy',0
20000000,29.473,100.0,5.99,294,2021,12,1,20,en,['Action',0
6000000,29.406,98.0,5.8,409,2022,1,1,8,en,['Science Fiction',0
67000000,29.296,94.0,6.152,3076,2020,4,1,16,en,['Science Fiction',0
125000000,29.294,109.0,6.7,1964,2021,2,1,32,en,['Science Fiction'],0
20000000,29.175,108.0,5.996,699,2021,4,1,41,en,['Science Fiction',0
7000000,29.136,109.0,5.898,2071,2020,2,1,31,en,['Horror',1
75000000,28.34,158.0,6.6,2508,2021,11,1,39,en,['Drama',1
6500000,27.936,97.0,6.0,384,2021,6,1,15,en,['Horror',0
22000000,27.68,87.0,5.489,136,2022,4,1,27,en,['Action',0
19597380,27.676,126.0,6.8,136,2022,1,1,23,ko,['Action',0
38000000,27.508,102.0,7.1,206,2022,5,1,40,en,['Animation',0
5308245,27.229,89.0,5.2,61,2021,7,1,30,es,['Comedy',0
80000000,26.787,147.0,7.1,188,2020,8,1,28,zh,['War',1
40000000,25.912,98.0,6.487,678,2022,9,1,26,en,['Mystery',0
15000000,25.67,105.0,6.3,797,2020,9,1,34,en,['Horror'],0
6000000,25.668,96.0,8.148,2491,2020,12,1,11,en,['Drama'],1
24350000,25.623,131.0,6.701,788,2021,7,1,37,fr,['Drama',0
14000000,25.617,90.0,6.662,2645,2020,3,1,44,en,['Action',0
10000000,25.353,100.0,4.8,18,2024,5,1,28,en,['Mystery',0
28000000,25.247,98.0,5.2,8,2023,2,1,33,en,['Comedy'],1
50000000,25.18,95.0,6.294,2651,2020,1,1,9,en,['Action',0
3000000,25.002,94.0,6.4,846,2022,8,1,8,en,['Comedy',1
3749231,24.843,101.0,5.935,387,2022,1,1,21,es,['Drama',0
11400000,24.681,113.0,7.2,95,2021,8,1,38,ko,['Comedy',1
100000000,24.412,156.0,7.0,1396,2021,12,1,125,en,['Drama',0
68000000,24.402,116.0,6.7,1409,2021,8,1,40,en,['Mystery',0
20000000,24.32,139.0,6.7,850,2021,7,1,74,en,['Drama',0
56000,24.237,67.0,6.3,5,2020,4,0,4,en,['Romance',1
4100000,24.155,111.0,6.2,201,2023,5,1,32,en,['Drama',0
15000000,24.121,99.0,6.07,320,2021,7,1,33,en,['Crime',0
45000000,24.081,94.0,6.9,1224,2021,2,1,37,en,['Action',0
5000000,23.845,102.0,6.6,1266,2020,11,1,43,en,['Comedy',1
3000000,23.667,97.0,6.643,479,2022,3,1,17,da,['Horror',0
18000000,23.271,123.0,6.887,864,2020,6,1,44,en,['War',0
3500000,23.247,105.0,7.512,205,2020,2,1,30,ru,['War',0
8819200,23.188,129.0,6.9,675,2020,1,1,30,ru,['Science Fiction',1
10000000,23.017,102.0,7.0,363,2022,11,1,36,en,['Drama'],0
5000000,23.005,87.0,5.99,1218,2020,1,1,17,en,['Fantasy',1
12000000,23.004,103.0,8.3,914,2020,10,1,13,en,['Animation',0
2000000,22.898,84.0,6.201,301,2020,10,1,16,en,['Horror',0
16000000,22.492,137.0,6.2,560,2020,10,1,27,en,['Horror',0
14000000,22.421,104.0,6.4,11,2023,11,1,56,en,['Comedy',0
4000000,21.915,96.0,7.5,477,2020,7,1,39,es,['Comedy',1
22000000,21.845,115.0,7.1,331,2022,9,1,38,en,['Comedy',0
40000000,21.793,133.0,7.0,1671,2021,11,1,66,en,['Drama',0
25000000,21.718,93.0,7.956,400,2020,10,1,17,en,['Romance',0
11900000,21.583,99.0,7.5,337,2021,10,1,13,en,['Family',1
40000000,21.568,125.0,7.2,309,2022,4,1,42,en,['Drama',1
10000000,21.31,125.0,7.053,1480,2020,2,1,51,en,['Comedy',1
25000000,21.114,108.0,7.157,1938,2021,10,1,55,en,['Comedy',1
10000000,20.989,96.0,6.8,727,2022,2,1,52,en,['Comedy',1
5000000,20.977,108.0,7.3,2563,2020,12,1,48,en,['Drama'],1
9000000,20.597,96.0,6.4,509,2020,10,1,15,en,['Horror'],0
29000000,20.378,83.0,6.3,574,2020,1,1,49,en,['Comedy'],0
11000000,20.306,133.0,6.095,494,2021,12,1,22,it,['Crime',0
80000,20.226,102.0,7.0,160,2020,10,1,24,en,['Comedy',0
18000000,19.875,98.0,6.5,777,2020,8,1,22,en,['Comedy',1
15000000,19.867,130.0,6.568,1444,2021,7,1,38,en,['Adventure',1
7580600,19.688,114.0,6.9,81,2022,7,1,35,de,['Drama',0
41000000,19.58,101.0,6.1,222,2023,4,1,26,en,['Comedy',0
6500000,19.523,84.0,7.2,449,2021,12,1,19,fr,['Adventure',0
4500000,19.278,102.0,6.7,106,2022,9,1,27,fr,['Science Fiction',0
20000000,19.075,124.0,6.5,206,2021,12,1,34,en,['Drama',0
10000000,19.021,86.0,5.994,1084,2020,2,1,9,en,['Horror',1
23000000,18.935,102.0,4.928,541,2020,11,1,21,en,['Action',0
7047000,18.791,121.0,6.9,90,2022,10,1,19,ar,['Thriller',0
4800000,18.645,108.0,4.7,76,2022,5,1,49,fr,['Drama'],0
8300000,18.637,109.0,7.3,474,2021,11,1,30,en,['Drama'],0
183210,18.633,119.0,6.2,101,2021,6,1,40,en,['Crime',0
45000000,18.599,126.0,6.113,40,2023,12,1,45,cn,['Crime',0
250000,18.396,84.0,6.86,179,2022,6,1,17,en,['Animation',1
55000000,18.367,143.0,7.267,569,2021,6,1,45,en,['Drama',0
105,18.073,97.0,7.2,76,2022,6,1,30,en,['Thriller'],1
5150000,17.647,117.0,7.68,2451,2020,9,1,41,da,['Comedy',1
33000000,17.645,104.0,6.0,803,2021,9,1,28,en,['Drama',0
10000000,17.627,89.0,6.2,9,2023,9,1,17,en,['Animation',0
18000000,17.62,117.0,6.901,1369,2021,11,1,23,en,['Drama'],0
26000000,17.605,126.0,7.374,1216,2021,2,1,27,en,['Drama',0
6900000,17.483,101.0,7.4,627,2020,7,1,15,fr,['Romance',0
26000000,17.275,108.0,6.3,506,2021,10,1,28,fr,['Romance',0
25000000,16.749,128.0,6.3,124,2021,10,1,14,en,['Science Fiction',0
5000000,16.733,102.0,5.8,228,2020,8,1,48,en,['History',0
15500000,16.673,140.0,6.8,551,2021,7,1,66,en,['Drama',0
35000000,16.317,130.0,7.7,2574,2020,9,1,81,en,['Drama',0
2000000,16.314,92.0,5.982,167,2021,1,1,29,en,['Crime',0
23914,16.05,213.0,0.0,0,2024,5,1,4,en,['Mystery',1
13000000,15.868,87.0,5.5,287,2020,10,1,20,fr,['Comedy',0
1700000,15.714,95.0,5.982,272,2020,10,1,26,en,['Science Fiction',0
21000000,15.576,107.0,7.294,451,2020,4,1,25,en,['Drama',0
7000000,15.576,120.0,8.6,133,2020,12,1,38,ru,['Action',1
2000000,15.273,115.0,7.374,1344,2021,2,1,25,en,['Drama'],1
25000000,15.186,132.0,6.8,1360,2020,11,1,77,en,['Drama',0
5300000,15.034,116.0,7.273,598,2020,11,1,44,da,['Action',0
10722240,14.839,130.0,7.4,838,2021,9,1,48,fr,['Mystery',0
14000000,14.83,94.0,5.839,873,2020,1,1,11,en,['Horror',1
5800000,14.715,112.0,6.9,43,2022,2,1,21,fr,['Romance',0
27500000,14.66,137.0,6.4,232,2021,9,1,40,en,['Drama'],0
200000000,14.573,178.0,6.3,56,2021,9,1,44,zh,['Drama',1
16438275,14.539,89.0,5.069,137,2021,7,1,15,fr,['Comedy'],0
5000000,14.236,86.0,6.2,164,2020,1,1,51,en,['Comedy',0
25000000,14.152,98.0,7.1,1078,2021,11,1,45,en,['Drama'],1
17000000,13.922,96.0,6.0,29,2022,8,1,32,en,['Comedy'],0
4300000,13.445,110.0,7.1,296,2022,5,1,24,fr,['Horror',0
9850000,13.444,95.0,7.9,250,2021,9,1,13,fr,['Animation',0
1100000,13.318,130.0,6.761,272,2021,12,1,45,en,['Comedy',1
17520000,13.258,97.0,7.2,159,2020,7,1,32,en,['Animation',0
20000000,13.046,110.0,7.507,367,2020,1,1,49,en,['War',0
250000,12.994,78.0,7.2,375,2021,4,1,20,en,['Comedy',0
12000000,12.977,108.0,6.8,141,2020,8,1,33,ko,['Crime',1
13000000,12.929,168.0,7.7,91,2022,4,1,27,kn,['Action',1
1934000,12.829,147.0,7.4,40,2022,9,1,9,kn,['Mystery',1
3400000,12.683,89.0,7.8,345,2021,6,1,29,da,['Documentary',0
17830000,12.279,100.0,7.3,137,2020,10,1,19,en,['Animation',0
20600000,12.135,103.0,5.034,291,2020,6,1,29,en,['Crime',0
500,12.095,60.0,0.0,0,2022,8,1,8,en,['Action',0
40000000,12.043,110.0,6.6,14,2021,11,1,9,ar,['Action',0
4300000,11.932,111.0,7.1,61,2022,5,1,25,fr,['Drama'],0
4500000,11.9,101.0,5.6,203,2020,7,1,16,en,['Thriller',0
20000000,11.612,113.0,7.1,89,2021,5,1,31,en,['Comedy',0
7,11.596,50.0,0.0,0,2022,5,1,1,en,['Thriller',0
16000000,11.499,107.0,5.6,115,2021,1,1,74,en,['Music',0
5000,11.418,107.0,6.9,37,2020,1,1,15,es,['Comedy',0
20800000,11.395,149.0,7.5,358,2021,10,1,41,fr,['Drama',0
17516235,11.225,120.0,6.7,583,2021,7,1,78,fr,['Adventure',1
10000000,11.158,124.0,7.0,128,2021,7,1,29,en,['Drama',0
7,11.13,50.0,0.0,0,2022,5,1,5,en,['Thriller',0
100,11.127,9.0,0.0,0,2022,10,1,2,en,['Mystery',0
1619835,10.999,107.0,6.5,59,2021,3,1,25,pl,['Drama',0
3000000,10.845,115.0,10.0,2,2021,8,1,4,en,['Drama',1
15354648,10.832,174.0,7.3,63,2022,6,1,37,ta,['Action',1
3000000,10.663,92.0,6.8,119,2020,2,1,34,en,['Comedy'],1
23000000,10.661,157.0,6.5,38,2022,8,1,23,hi,['Drama',0
200,10.514,8.0,0.0,0,2023,8,1,3,en,['Drama'],1
7000000,10.454,108.0,6.8,36,2021,12,1,34,ru,['Fantasy',1
3100000,10.432,72.0,7.1,233,2021,6,1,5,fr,['Drama',0
9700000,10.365,87.0,7.3,675,2020,10,1,33,fr,['Comedy',1
3404274,10.331,0.0,5.5,42,2021,8,1,34,es,['Comedy'],0
2500000,9.999,110.0,7.5,580,2020,1,1,17,it,['Drama',1
20400000,9.974,117.0,5.6,603,2021,8,1,25,fr,['Comedy',0
16000000,9.829,106.0,6.5,177,2020,2,1,18,en,['Drama',1
5080800,9.807,104.0,5.9,204,2020,9,1,37,fr,['Drama',1
14000000,9.753,165.0,6.9,56,2020,1,1,30,te,['Action',1
4340000,8.931,74.0,6.018,250,2022,6,1,18,fr,['Comedy'],0
7200000,8.891,97.0,6.1,201,2020,9,1,19,en,['Thriller',0
5000000,8.831,98.0,6.8,104,2021,10,1,29,fr,['Drama'],0
59000000,8.809,128.0,7.155,103,2021,2,1,35,zh,['Drama',1
69000,8.605,169.0,0.0,0,2023,8,0,1,es,['Action',1
20000000,8.592,110.0,6.2,26,2020,10,1,12,de,['Adventure',0
5000000,8.471,112.0,7.0,180,2021,9,1,27,fr,['History',1
36786988,8.386,163.0,7.2,23,2021,12,1,43,hi,['Drama',0
250000,7.459,80.0,6.7,3,2020,10,0,5,vi,['Horror',0
25900000,7.437,126.0,6.9,260,2020,11,1,43,fr,['Music',0
8100000,7.312,117.0,6.2,44,2020,1,1,45,ko,['Comedy'],1
1250000,7.073,104.0,7.6,61,2020,11,1,10,zh,['Drama',1
8500000,6.948,110.0,6.8,18,2022,11,1,24,ko,['Action',0
20000000,6.718,94.0,6.136,1125,2020,1,1,23,it,['Comedy',1
9466480,6.331,108.0,5.804,196,2020,7,1,26,fr,['Comedy'],0
10854516,6.27,107.0,5.506,82,2020,9,1,11,fr,['Comedy'],0
75000,6.222,64.0,8.1,456,2020,1,1,8,it,['Family',1
7907534,6.125,135.0,7.4,34,2020,2,1,15,hi,['Romance',1
8765230,5.988,0.0,10.0,2,2021,8,0,10,en,[],1
1400000,5.988,80.0,5.731,80,2020,9,1,11,en,['Horror',0
20000000,5.9,101.0,4.5,9,2021,4,1,17,en,['Mystery',0
100000,5.852,80.0,4.989,46,2022,6,1,15,en,['Horror',0
7350000,5.481,156.0,7.3,7,2022,11,1,17,hi,['Comedy',1
500,5.414,45.0,9.0,2,2020,2,0,4,pt,['Action',1
1400000,5.265,95.0,5.2,54,2021,6,1,15,fr,['Comedy'],1
9204790,5.058,146.0,8.1,23,2020,1,1,18,hi,['Drama'],1
6144000,4.973,94.0,7.1,21,2021,8,1,36,ko,['Action',1
7900000,4.565,154.0,7.5,18,2022,7,1,25,ta,['Drama',0
4,4.476,0.0,0.0,0,2022,4,1,3,es,['Documentary',0
6438600,4.251,84.0,5.0,48,2020,8,1,21,fr,['Comedy'],1
4327440,4.194,97.0,5.6,71,2020,8,1,43,fr,['Comedy'],0
5000000,4.141,138.0,5.6,5,2022,12,1,22,te,['Action',1
587640,3.99,145.0,7.0,25,2020,2,1,17,ml,['Comedy',1
50000,3.934,42.0,5.2,5,2020,5,1,33,en,['Animation',0
266103,3.847,153.0,6.8,12,2020,1,0,6,kn,['Romance',1
15000000,3.839,141.0,7.8,6,2021,12,1,22,en,['Action',0
8765230,3.76,0.0,10.0,2,2021,8,0,10,en,[],1
28700000,3.691,112.0,8.0,8,2023,1,1,6,zh,['Animation',1
646955,3.495,101.0,8.0,6,2020,1,1,18,tl,['Action',1
20140,3.477,75.0,0.0,0,2020,12,0,10,en,['Comedy',0
390,3.449,13.0,8.0,2,2022,8,0,2,es,['Drama',0
2100000,3.178,120.0,6.8,8,2020,1,1,15,tr,['Romance',0
344000,3.145,104.0,7.9,34,2020,1,1,6,uk,['Comedy',1
1,3.004,95.0,10.0,1,2020,11,1,22,en,['Horror',0
2,2.971,3.0,0.0,0,2022,4,0,2,en,['Documentary',1
100000,2.885,73.0,0.0,0,2020,10,1,3,en,['Drama'],0
9176090,2.852,149.0,5.5,1,2022,3,1,3,hi,[],0
1000,2.744,105.0,9.0,1,2022,9,1,7,en,['Comedy',0
266103,2.71,153.0,6.8,12,2020,1,0,6,kn,['Romance',1
2450634,2.695,146.0,6.4,16,2022,8,1,23,ml,['Comedy',1
100000,2.639,73.0,0.0,0,2020,10,1,3,en,['Drama'],0
1,2.632,95.0,10.0,1,2020,11,1,22,en,['Horror',0
2,2.538,60.0,0.0,0,2023,9,1,6,en,['Documentary',0
40000000,2.535,123.0,7.0,20,2021,11,1,9,zh,['Mystery',1
1,2.515,95.0,10.0,1,2020,11,1,22,en,['Horror',0
409000,2.491,69.0,7.3,3,2020,7,1,5,en,['Comedy'],1
5001,2.455,60.0,0.0,0,2022,6,1,15,en,['Comedy',0
100000,2.428,73.0,0.0,0,2020,10,1,3,en,['Drama'],0
9176090,2.425,149.0,5.5,1,2022,3,1,3,hi,[],0
69000000,2.318,69.0,0.0,0,2023,9,0,5,en,['Comedy',0
5000,2.125,20.0,2.7,3,2020,7,0,1,en,['Animation',0
20140,2.125,75.0,0.0,0,2020,12,0,10,en,['Comedy',0
547127,2.111,125.0,6.0,9,2021,2,1,20,te,['Horror'],1
646955,2.101,101.0,8.0,6,2020,1,1,18,tl,['Action',1
5,2.078,0.0,0.0,0,2020,2,1,5,en,['Action',0
1065465,2.051,145.0,6.1,9,2021,10,1,10,pa,['Comedy',1
5,2.04,0.0,0.0,0,2020,2,1,5,en,['Action',0
10000,2.039,91.0,7.0,1,2020,12,1,3,en,['Adventure',1
266103,2.039,153.0,6.8,12,2020,1,0,6,kn,['Romance',1
10000,1.893,91.0,7.0,1,2020,12,1,3,en,['Adventure',1
409000,1.851,69.0,7.3,3,2020,7,1,5,en,['Comedy'],1
10000,1.828,74.0,0.0,0,2020,11,0,1,hi,['Animation'],0
1428000,1.825,121.0,6.0,1,2022,2,1,21,en,['Comedy',1
200,1.819,92.0,5.7,3,2020,2,1,6,es,['Comedy',0
120000,1.814,87.0,5.0,1,2022,2,1,8,en,['Drama',1
5000,1.803,8.0,9.5,2,2020,10,1,4,en,['Thriller',0
4,1.783,0.0,0.0,0,2022,4,1,3,es,['Documentary',0
2,1.731,3.0,0.0,0,2022,4,0,2,en,['Documentary',1
5,1.693,0.0,0.0,0,2020,2,1,5,en,['Action',0
300,1.642,15.0,0.0,0,2020,5,1,6,en,['Action',1
3997866,1.602,136.0,6.0,2,2020,1,1,17,ml,['Comedy',1
300,1.523,134.0,10.0,2,2021,6,1,22,en,['Animation',0
69000000,1.518,69.0,0.0,0,2023,9,0,5,en,['Comedy',0
200,1.48,92.0,5.7,3,2020,2,1,6,es,['Comedy',0
2500000,1.478,125.0,3.5,16,2021,10,1,14,hu,['Crime',0
355,1.458,0.0,10.0,1,2022,2,1,1,en,['Documentary'],0
350000,1.445,137.0,0.0,0,2020,1,1,2,en,['Drama',1
1186380,1.428,0.0,8.8,5,2022,4,0,79,cs,['Comedy'],1
100000,1.425,61.0,10.0,1,2020,2,1,1,en,['Comedy'],1
1000000,1.418,90.0,10.0,2,2021,5,1,1,en,['Documentary'],0
4,1.4,3.0,0.0,0,2022,1,0,1,es,['Documentary'],0
750,1.4,6.0,0.0,0,2022,4,1,2,en,['Comedy'],0
1,1.4,17.0,0.0,0,2020,8,1,4,en,['Drama'],0
25000000,1.4,91.0,6.8,5,2021,9,1,8,ar,['Drama',0
5,1.4,75.0,0.0,0,2020,9,0,5,he,['Drama'],0
600000,1.4,22.0,10.0,1,2021,2,1,5,en,['Drama'],1
200,1.4,22.0,10.0,1,2021,7,0,4,he,['Comedy'],1
5000,1.4,28.0,9.0,2,2022,1,1,9,en,['Family',1
1800,1.4,50.0,10.0,1,2022,11,1,5,en,['Comedy',0
10,1.4,0.0,0.0,0,2021,3,1,4,es,['Comedy',0
1831837,1.4,0.0,10.0,1,2021,7,1,10,ja,['Animation'],0
100,1.398,4.0,0.0,0,2021,5,1,9,en,['Documentary',0
1478,1.388,55.0,10.0,3,2021,10,1,4,pt,['Science Fiction',1
12000,1.368,69.0,0.0,0,2020,8,0,3,en,['Romance'],0
120000,1.327,91.0,1.0,1,2020,10,1,9,en,['Horror'],0
1273890,1.291,105.0,6.0,1,2021,4,1,42,cn,['Romance'],0
100,1.256,90.0,0.0,0,2022,4,0,1,en,[],1
420000,1.238,124.0,0.0,0,2021,4,1,8,ml,['Drama',0
128,1.236,128.0,7.2,5,2021,3,1,7,vi,['Comedy',1
99000,1.195,100.0,0.0,0,2021,11,1,4,bn,['Drama',1
100,1.18,6.0,10.0,1,2021,4,0,1,en,['Drama',0
1000,1.177,10.0,10.0,1,2022,2,1,3,en,['Science Fiction',1
10,1.167,3.0,10.0,1,2021,12,1,6,en,['Thriller'],0
100,1.151,10.0,9.0,1,2021,3,0,2,ta,['Thriller',0
1200,1.145,14.0,0.0,0,2021,10,1,4,en,['Drama'],0
1000,1.139,19.0,10.0,1,2020,1,1,5,hi,['Drama',1
300,1.129,0.0,7.5,2,2020,12,1,1,es,[],1
300,1.113,4.0,0.0,0,2020,3,1,3,en,['Romance'],0
120,1.098,0.0,10.0,1,2022,2,1,1,pt,['Comedy',0
2000000,1.068,115.0,5.0,3,2021,2,0,10,vi,['Comedy',0
200,1.057,92.0,5.7,3,2020,2,1,6,es,['Comedy',0
1500000,1.05,10.0,6.4,5,2022,1,0,13,fa,['Drama'],0
5000,1.006,4.0,7.6,4,2020,3,1,5,en,['Action',0
5000,0.99,8.0,9.5,2,2020,10,1,4,en,['Thriller',0
350000,0.988,137.0,0.0,0,2020,1,1,2,en,['Drama',1
75,0.986,4.0,0.0,0,2021,3,1,9,en,['Drama',1
50,0.982,3.0,0.0,0,2020,10,0,2,en,['Fantasy',0
100000,0.977,80.0,2.0,1,2020,7,1,8,ar,['Documentary'],0
1,0.975,11.0,0.0,0,2020,8,1,8,en,['Documentary',1
500,0.95,10.0,0.0,0,2020,10,1,3,gl,['Drama'],1
500,0.943,23.0,0.0,0,2020,6,1,23,en,[],1
100,0.94,90.0,0.0,0,2022,4,0,1,en,[],1
216000,0.94,0.0,4.5,2,2020,1,0,6,lt,['Comedy',1
24900,0.933,90.0,0.0,0,2022,4,0,1,en,[],0
10,0.931,3.0,0.0,0,2021,11,0,1,xx,['Science Fiction'],0
500,0.93,0.0,0.0,0,2021,10,1,3,jv,['Action',1
600,0.927,0.0,9.0,2,2020,1,0,3,de,['Horror'],1
126,0.924,6.0,0.0,0,2022,12,1,5,es,['Animation',0
300,0.924,12.0,0.0,0,2021,10,0,6,en,['Horror'],1
300,0.904,19.0,10.0,1,2020,11,1,3,pt,['Comedy',0
1000,0.899,124.0,0.0,0,2021,11,0,4,en,['Documentary'],1
100000000,0.893,149.0,0.0,0,2023,11,0,1,en,['Music',0
30,0.893,0.0,0.0,0,2022,4,0,3,it,['Drama'],0
50,0.891,0.0,10.0,1,2020,5,1,1,it,['Documentary'],1
500,0.867,14.0,0.0,0,2020,8,1,1,pt,['Documentary'],1
1753,0.865,0.0,0.0,0,2020,2,0,24,ne,['Comedy',1
367,0.863,0.0,9.8,4,2022,1,1,3,pt,['Romance',1
5,0.863,110.0,0.0,0,2020,5,0,16,en,['Horror'],1
2000,0.863,13.0,0.0,0,2020,3,1,2,en,['Drama'],0
1000,0.86,60.0,0.0,0,2020,6,0,1,en,[],1
5,0.856,2.0,0.0,0,2020,1,0,2,en,['Documentary'],1
3000,0.851,138.0,7.3,3,2022,9,1,5,de,['Thriller',1
1,0.843,0.0,0.0,0,2022,2,1,6,es,['Documentary',0
3000,0.84,24.0,0.0,0,2020,12,1,6,en,['Western'],0
130,0.84,25.0,0.0,0,2020,11,0,4,en,['Fantasy',1
1000,0.808,118.0,9.8,5,2021,9,0,11,en,['Documentary',1
5000,0.794,4.0,7.6,4,2020,3,1,5,en,['Action',0
1850,0.788,78.0,0.0,0,2022,2,1,4,kn,['Crime',0
100,0.784,0.0,7.5,2,2021,3,1,1,pt,['Documentary',0
1,0.774,4.0,10.0,1,2022,2,1,2,pt,['Drama'],0
500,0.739,2.0,9.0,1,2021,12,1,2,en,['Animation',1
10,0.737,4.0,9.0,3,2022,1,1,2,pt,['Drama'],1
410,0.728,8.0,0.0,0,2021,6,1,5,en,['Comedy'],1
216000,0.722,0.0,4.5,2,2020,1,0,6,lt,['Comedy',1
231,0.716,0.0,0.0,0,2021,11,1,3,pt,['Action'],1
155,0.713,143.0,10.0,1,2021,8,1,10,en,['Comedy',1
100,0.703,0.0,0.0,0,2021,9,0,1,pt,['Drama',0
10,0.703,0.0,10.0,1,2022,2,1,2,es,['Documentary',0
2,0.7,6.0,0.0,0,2021,11,1,2,es,['Drama',1
1,0.698,1.0,10.0,1,2020,10,0,1,pt,['Animation',0
1,0.697,7.0,8.0,1,2020,8,1,2,en,['Horror',0
245,0.693,7.0,0.0,0,2021,11,1,6,en,['Music',1
300,0.693,6.0,9.0,1,2022,4,1,3,en,['Adventure'],0
5000,0.692,10.0,1.0,1,2020,7,1,3,en,[],1
2,0.685,237.0,0.0,0,2022,2,1,1,en,['Comedy',0
10,0.683,3.0,10.0,2,2020,10,0,9,en,['Science Fiction',0
69,0.68,90.0,0.0,0,2021,8,0,10,en,['Documentary',1
331,0.678,3.0,0.0,0,2021,10,1,2,en,['Drama'],1
100,0.676,7.0,0.0,0,2020,6,1,5,en,['Comedy',0
500,0.675,10.0,0.0,0,2020,10,1,3,gl,['Drama'],1
500,0.675,23.0,0.0,0,2020,6,1,23,en,[],1
100000000,0.671,149.0,0.0,0,2023,11,0,1,en,['Music',0
1000,0.668,8.0,10.0,1,2021,2,0,2,en,['Documentary'],1
400,0.663,6.0,10.0,1,2021,3,1,9,en,['Comedy',0
2000,0.661,69.0,10.0,1,2021,7,0,1,en,['Horror'],1
8,0.661,13.0,10.0,1,2021,11,0,1,en,['Horror'],0
70,0.66,11.0,0.0,0,2021,8,0,5,en,['Drama'],0
1000,0.659,0.0,7.0,1,2021,1,1,1,de,['Mystery',1
100,0.659,6.0,0.0,0,2021,7,1,1,en,['Documentary'],0
573,0.657,0.0,10.0,4,2021,11,1,5,pt,['Adventure',1
92000,0.654,13.0,10.0,1,2022,2,1,3,en,['Horror'],1
1753,0.652,0.0,0.0,0,2020,2,0,24,ne,['Comedy',1
25,0.651,50.0,10.0,1,2021,5,1,1,en,['Documentary'],1
20,0.65,17.0,0.0,0,2021,12,1,4,en,['Comedy',1
521,0.648,9.0,0.0,0,2022,3,1,3,ca,['Drama'],0
1000,0.643,78.0,0.0,0,2021,6,1,4,en,['Comedy',0
1000,0.642,83.0,9.0,1,2020,2,1,1,en,['Action',1
1,0.63,6.0,10.0,1,2022,2,0,4,en,['Drama'],0
45,0.629,29.0,0.0,0,2021,9,1,1,en,['Comedy',0
10000,0.62,83.0,0.0,0,2020,9,0,18,en,['Drama',0
200,0.619,15.0,0.0,0,2021,3,1,4,en,['Family',1
60,0.618,19.0,0.0,0,2021,5,0,2,en,['Mystery'],1
5,0.618,0.0,8.0,2,2022,3,1,1,en,['Documentary',1
100000,0.617,72.0,0.0,0,2020,10,1,3,en,['Music'],1
500000,0.613,110.0,0.0,0,2020,8,0,1,en,[],1
100,0.612,7.0,0.0,0,2020,11,1,1,ar,['Animation',1
1000,0.612,7.0,0.0,0,2020,1,1,5,en,['Drama'],0
600,0.608,9.0,0.0,0,2020,1,1,3,he,['Drama'],0
1,0.6,82.0,0.0,0,2021,9,1,4,en,['Drama',0
5000,0.6,77.0,0.0,0,2020,12,1,7,en,[],1
5,0.6,7.0,10.0,1,2020,10,1,3,en,['Horror',0
100,0.6,15.0,0.0,0,2022,3,1,5,en,['Drama'],1
1000,0.6,13.0,0.0,0,2022,1,1,2,es,['Drama'],1
1000,0.6,0.0,0.0,0,2020,11,0,1,en,[],0
1,0.6,14.0,0.0,0,2021,8,1,2,en,['Romance',0
10850,0.6,65.0,0.0,0,2021,6,1,3,en,['Drama',1
5,0.6,3.0,0.0,0,2021,10,0,1,pt,['Comedy'],1
1,0.6,187.0,10.0,1,2021,8,0,6,en,['Documentary',0
1850,0.6,78.0,0.0,0,2022,2,1,4,kn,['Crime',0
20,0.6,7.0,0.0,0,2021,10,1,5,en,['Drama',0
10,0.6,0.0,0.0,0,2021,8,1,2,it,['Adventure'],1
100,0.6,7.0,0.0,0,2021,11,0,2,en,['Drama',0
7,0.6,99.0,0.0,0,2021,8,0,3,en,['TV Movie'],1
100,0.6,4.0,0.0,0,2021,4,1,1,en,['Thriller',0
150000,0.6,0.0,10.0,1,2021,7,1,6,he,['Animation',1
5,0.6,8.0,0.0,0,2020,5,0,3,ta,['Comedy'],1
4,0.6,98.0,0.0,0,2021,8,0,3,en,[],1
1,0.6,0.0,10.0,1,2021,8,1,2,pt,['Thriller',0
1465,0.6,13.0,10.0,1,2021,11,1,4,de,['Mystery',0
1,0.6,99.0,0.0,0,2021,8,0,3,en,['TV Movie'],1
50,0.6,75.0,0.0,0,2021,10,0,5,en,['Horror'],0
300,0.6,15.0,10.0,1,2021,11,1,1,en,['Western',1
100,0.6,15.0,10.0,1,2020,7,0,4,he,['Comedy'],1
5,0.6,2.0,10.0,1,2022,2,1,2,en,['Comedy',0
5,0.6,0.0,8.0,2,2022,3,1,1,en,['Documentary',1
1,0.6,0.0,10.0,1,2021,8,1,5,pt,['Horror'],0
1000,0.6,83.0,9.0,1,2020,2,1,1,en,['Action',1
100,0.6,13.0,10.0,1,2021,10,1,6,en,['Horror',0
5788,0.6,0.0,0.0,0,2021,10,0,2,en,[],0
10000,0.6,90.0,10.0,1,2020,6,1,1,en,['Horror'],0
5,0.6,3.0,8.0,1,2021,10,1,1,en,['Drama'],1
774,0.6,4.0,0.0,0,2022,3,1,3,en,['Drama',0
1,0.6,0.0,10.0,1,2021,10,0,2,en,['Thriller',0
1,0.6,11.0,0.0,0,2020,12,0,1,en,['Drama'],1
2,0.6,12.0,10.0,1,2021,12,1,5,en,['Horror',1
3,0.6,15.0,0.0,0,2021,5,1,5,en,['Drama',1
76,0.6,4.0,0.0,0,2020,11,1,2,en,['Comedy'],0
10,0.6,14.0,0.0,0,2021,4,1,4,he,['Romance'],1
600,0.6,0.0,0.0,0,2021,11,0,1,pt,['Horror',0
150,0.6,3.0,7.0,1,2021,11,1,7,en,['Action',1
25,0.6,5.0,0.0,0,2020,5,0,3,en,['Comedy',1
45,0.6,125.0,0.0,0,2022,3,0,1,en,[],1
470778,0.6,117.0,0.0,0,2021,9,0,6,en,[],0
1000,0.6,60.0,0.0,0,2021,10,1,1,en,[],1
20,0.6,0.0,10.0,1,2021,4,1,2,es,['Drama',0
1,0.6,3.0,9.0,3,2020,2,1,2,en,['Drama'],1
200,0.6,9.0,0.0,0,2021,2,1,2,id,['Drama'],0
20,0.6,5.0,9.0,1,2021,10,1,1,en,['Drama'],0
2,0.6,0.0,0.0,0,2021,6,1,1,es,['Crime',1
100,0.6,10.0,0.0,0,2021,9,1,5,en,['Drama'],0
500,0.6,49.0,0.0,0,2021,11,1,12,en,['Horror'],1
100,0.6,55.0,0.0,0,2021,12,0,1,en,['Music'],0
3,0.6,0.0,0.0,0,2020,12,1,4,pt,['Romance',1
20,0.6,0.0,0.0,0,2021,3,1,2,en,[],1
100,0.6,9.0,0.0,0,2021,12,1,3,en,['Horror',0
3000,0.6,21.0,0.0,0,2021,12,0,3,en,[],0
30,0.6,2.0,10.0,1,2020,3,1,4,en,['Drama'],1
5,0.6,2.0,6.0,1,2020,11,0,1,en,['Drama'],1
100,0.6,8.0,0.0,0,2022,1,1,1,en,[],0
28209,0.6,65.0,10.0,1,2021,11,1,12,en,['Drama'],0
1,0.6,26.0,0.0,0,2020,1,1,7,en,['Action'],0
1,0.6,2.0,10.0,1,2021,12,1,1,en,['Fantasy',0
367,0.6,0.0,10.0,3,2021,7,1,3,pt,['Adventure'],1
1000,0.6,30.0,0.0,0,2020,8,1,19,en,['Action',1
100,0.6,6.0,7.0,1,2021,8,1,1,en,['Drama'],0
20,0.6,10.0,10.0,1,2022,3,1,5,en,['Drama',1
40,0.6,5.0,10.0,1,2021,9,0,4,de,['Crime',1
20,0.6,51.0,0.0,0,2021,3,1,5,en,['Comedy'],0
500,0.6,6.0,9.0,1,2021,11,1,2,en,['Romance',0
30000,0.6,9.0,10.0,1,2022,2,1,3,en,['Horror'],1
661839,0.6,131.0,0.0,0,2022,2,1,6,mr,['Drama',0
132925,0.6,120.0,0.0,0,2021,6,1,7,hi,['Crime'],0
9000,0.6,60.0,0.0,0,2021,7,1,4,en,['Drama',0
100,0.6,7.0,8.0,1,2020,6,1,1,en,['Science Fiction'],0
200,0.6,7.0,0.0,0,2021,6,0,4,en,['Horror',0
98,0.6,10.0,0.0,0,2021,12,1,2,tl,['Drama'],0
8,0.6,0.0,0.0,0,2020,12,1,2,tr,['Thriller',0
100,0.6,0.0,0.0,0,2021,11,1,4,pt,['Animation'],1
1000,0.6,0.0,7.0,1,2021,1,1,1,de,['Mystery',1
100,0.6,13.0,9.0,1,2022,1,1,1,en,['Drama'],0
200,0.6,0.0,0.0,0,2020,1,0,15,de,[],0
1,0.6,0.0,0.0,0,2021,11,0,1,es,['Action',1
50,0.6,16.0,8.0,2,2020,12,0,3,es,['Horror'],0
1,0.6,11.0,0.0,0,2022,1,1,6,en,['Action',1
20,0.6,9.0,10.0,4,2021,12,1,3,en,['Adventure',0
10,0.6,0.0,0.0,0,2021,9,0,3,da,['Comedy',0
100,0.6,7.0,0.0,0,2021,5,0,9,en,['Science Fiction',1
20,0.6,13.0,10.0,1,2022,3,1,7,en,['Comedy',0
10,0.6,0.0,10.0,1,2021,11,0,1,es,['Documentary'],0
300000,0.6,115.0,0.0,0,2020,2,1,2,te,['Drama',0
250,0.6,21.0,10.0,1,2021,11,1,5,he,['Drama',1
1000,0.6,31.0,8.6,7,2021,12,1,12,en,['Adventure',0
1,0.6,10.0,0.0,0,2022,2,0,1,en,['Drama'],1
8,0.6,2.0,8.0,2,2022,1,1,3,en,['Comedy',0
400,0.6,3.0,10.0,1,2022,3,1,7,en,['Mystery'],0
12000000,0.6,40.0,10.0,1,2022,1,1,1,en,['Drama',0
10,0.6,4.0,0.0,0,2021,6,1,15,en,['Animation',0
135,0.6,0.0,10.0,1,2021,12,1,1,pt,['Crime',1
100,0.6,6.0,6.0,1,2020,9,1,1,en,['Drama'],0
10,0.6,13.0,0.0,0,2020,9,1,6,en,['Drama',1
1,0.6,1.0,0.0,0,2020,3,0,1,en,[],0
883,0.6,0.0,6.0,1,2020,2,1,11,pt,['Documentary'],0
400,0.6,10.0,0.0,0,2020,1,1,4,he,['Drama',0
300,0.6,4.0,0.0,0,2020,3,1,3,en,['Romance'],0
150,0.6,19.0,0.0,0,2020,1,1,6,en,['Comedy',0
1,0.6,3.0,0.0,0,2021,12,0,6,fr,[],1
500,0.6,8.0,0.0,0,2020,1,1,3,he,['Romance',0
100,0.6,2.0,1.0,1,2020,6,1,1,en,['Drama'],0
2,0.6,0.0,0.0,0,2020,10,1,1,pt,['Documentary'],0
2000,0.6,50.0,0.0,0,2020,6,1,8,en,['Documentary'],1
10,0.6,2.0,0.0,0,2020,5,1,1,en,['Action'],1
1,0.6,1.0,10.0,1,2020,6,1,1,pl,['Animation',0
1410384,0.6,0.0,6.0,1,2020,2,1,7,pt,['Comedy',0
2000,0.6,31.0,6.0,2,2020,5,1,7,en,['Comedy',0
800,0.6,10.0,0.0,0,2020,1,1,5,he,['Drama',0
250,0.6,8.0,8.0,1,2021,11,0,4,en,['Drama',0
100,0.6,6.0,0.0,0,2021,5,1,2,en,['Romance',0
25,0.6,0.0,0.0,0,2020,8,0,1,en,[],1
20,0.6,2.0,0.0,0,2021,11,0,1,en,['Comedy'],0
10,0.6,47.0,7.5,2,2020,3,1,24,en,['Drama',1
1,0.6,5.0,0.0,0,2020,8,1,3,en,['Mystery',0
69,0.6,7.0,10.0,1,2020,12,1,2,en,['Drama',0
8000,0.6,35.0,0.0,0,2020,5,1,3,en,['Music',0
12000,0.6,69.0,0.0,0,2020,8,0,3,en,['Romance'],0
500,0.6,22.0,0.0,0,2021,8,1,7,en,['Drama',1
1000,0.6,21.0,0.0,0,2020,3,0,1,en,['Music',0
2329,0.6,0.0,10.0,1,2020,10,0,1,es,['Documentary',1
50000000,0.6,120.0,10.0,2,2020,10,0,5,en,['Action',1
86000000,0.6,88.0,0.0,0,2021,4,1,2,en,['Crime'],0
150,0.6,12.0,0.0,0,2021,12,1,9,en,['Fantasy',1
1,0.6,5.0,0.0,0,2020,6,1,1,en,['Drama'],0
9859,0.6,4.0,7.0,1,2020,8,1,1,en,['Animation'],0
100,0.6,0.0,0.0,0,2021,2,0,2,es,['Fantasy',0
1850,0.6,31.0,9.0,1,2021,11,1,2,en,['Science Fiction',1
300,0.6,3.0,0.0,0,2022,1,0,2,fr,['Drama',1
10,0.6,4.0,0.0,0,2020,2,0,1,en,[],1
120,0.6,3.0,0.0,0,2021,11,1,4,en,['Drama',1
25200,0.6,0.0,0.0,0,2020,6,1,8,en,['Documentary'],0
12,0.6,7.0,10.0,1,2022,2,1,2,en,['War',1
1,0.6,9.0,10.0,2,2020,10,1,2,es,['Drama',0
2020,0.6,5.0,0.0,0,2020,4,1,1,en,['Animation',0
10,0.6,3.0,0.0,0,2020,6,0,2,en,['Horror',1
100,0.6,48.0,0.0,0,2021,10,0,7,en,[],0
100,0.6,39.0,0.0,0,2020,7,1,9,en,['Documentary',0
1,0.6,0.0,0.0,0,2021,4,0,1,en,['Horror',1
44,0.6,69.0,0.0,0,2020,5,0,1,el,['Adventure',0
20000,0.6,112.0,0.0,0,2020,3,1,4,bn,['Drama',0
231,0.6,0.0,0.0,0,2021,11,1,3,pt,['Action'],1
100000,0.6,2.0,0.0,0,2021,10,1,1,en,['Action'],1
200,0.6,4.0,0.0,0,2021,4,1,1,it,['Romance',0
2,0.6,39.0,6.0,1,2021,1,1,11,en,['Action',1
500,0.6,16.0,10.0,1,2021,4,1,3,en,['Drama'],0
100,0.6,35.0,0.0,0,2021,1,1,23,en,['Action',0
100,0.6,19.0,0.0,0,2020,11,0,8,en,['Action',0
5000,0.6,90.0,0.0,0,2020,8,1,2,en,['Documentary'],1
10,0.6,7.0,10.0,1,2020,8,0,1,en,['Fantasy',0
1000,0.6,0.0,0.0,0,2020,12,1,1,tr,['Family',0
20,0.6,19.0,0.0,0,2020,11,0,1,en,['Drama'],0
100,0.6,14.0,0.0,0,2020,11,0,2,es,[],0
500,0.6,110.0,9.0,1,2020,12,0,7,en,['Comedy',1
10,0.6,4.0,0.0,0,2021,2,0,4,en,['Action'],0
20000,0.6,0.0,6.0,1,2020,10,0,5,de,['Documentary'],0
1,0.6,13.0,10.0,1,2021,2,1,9,en,['Documentary'],0
12,0.6,200.0,10.0,1,2022,2,1,3,en,['Documentary',0
1000,0.6,8.0,10.0,1,2021,2,0,2,en,['Documentary'],1
100,0.6,2.0,0.0,0,2021,3,1,4,en,['Drama',1
100,0.6,9.0,0.0,0,2020,6,1,1,en,['Documentary'],0
1,0.6,23.0,10.0,1,2020,10,1,3,en,['Documentary',0
15,0.6,19.0,0.0,0,2020,10,0,5,en,['Horror'],0
1200000,0.6,123.0,0.0,0,2020,11,0,1,en,[],0
1,0.6,80.0,10.0,1,2021,6,1,1,es,['Documentary'],0
5,0.6,6.0,0.0,0,2020,7,0,7,en,['Drama',0
450,0.6,1.0,0.0,0,2021,2,0,1,fr,[],0
5,0.6,10.0,0.0,0,2021,2,0,2,en,['Drama'],0
2500,0.6,6.0,10.0,1,2021,2,1,4,en,['Horror'],1
5000,0.6,8.0,9.5,2,2020,10,1,4,en,['Thriller',0
60,0.6,3.0,0.0,0,2020,10,0,4,en,['Music'],0
88,0.6,0.0,0.0,0,2020,6,1,2,tr,['Drama',0
1,0.6,2.0,10.0,1,2022,2,1,1,en,['Documentary',0
195,0.6,13.0,0.0,0,2021,8,0,1,tl,['Documentary',0
200,0.6,9.0,0.0,0,2020,3,1,7,en,['Drama'],0
50,0.6,9.0,0.0,0,2021,2,1,2,en,['Adventure'],1
2,0.6,13.0,9.0,1,2020,12,1,2,es,['Drama'],0
6000,0.6,103.0,0.0,0,2021,2,0,7,en,['History',1
3000,0.6,0.0,0.0,0,2022,1,0,4,pt,[],0
600,0.6,0.0,0.0,0,2021,2,0,2,pt,[],1
10,0.6,9.0,0.0,0,2021,3,1,6,en,['Comedy',0
600,0.6,9.0,0.0,0,2021,6,1,5,en,['Documentary',1
100,0.6,19.0,0.0,0,2020,8,1,10,en,['Comedy',1
1400,0.6,0.0,7.0,1,2021,4,1,1,nb,['Thriller'],0
50,0.6,14.0,8.0,1,2020,11,1,5,en,['Horror',0
50,0.6,5.0,10.0,1,2021,7,1,5,en,['Action'],0
30000,0.6,6.0,0.0,0,2020,7,1,1,en,['Music'],0
1,0.6,2.0,0.0,0,2021,6,1,1,pt,['Science Fiction'],1
100,0.6,5.0,0.0,0,2021,6,1,2,en,['Drama'],0
100,0.6,30.0,0.0,0,2021,4,1,9,en,['Documentary',0
1000000,0.6,0.0,0.0,0,2021,4,0,3,en,['Fantasy',0
300,0.6,93.0,0.0,0,2021,3,1,8,zh,['Comedy'],1
5,0.6,4.0,0.0,0,2021,5,1,2,en,['Science Fiction'],0
1,0.6,10.0,0.0,0,2021,8,0,2,en,['Action',1
10,0.6,3.0,10.0,1,2020,5,0,2,pt,['Comedy',1
200,0.6,0.0,10.0,1,2021,6,1,2,pt,['Thriller',0
1500,0.6,0.0,6.0,1,2021,4,1,1,nb,['Thriller'],0
1500,0.6,0.0,6.0,1,2021,4,1,1,nb,['Thriller'],0
1000,0.6,61.0,0.0,0,2021,4,0,1,en,['Drama',1
100,0.6,15.0,0.0,0,2021,7,1,4,id,['Drama',0
1,0.6,4.0,8.0,2,2020,6,0,2,en,['Drama',1
500,0.6,13.0,8.0,1,2021,7,1,6,en,['Action',0
350,0.6,5.0,0.0,0,2020,12,0,1,en,['History',0
10,0.6,0.0,10.0,1,2020,6,0,3,pt,['Documentary'],1
15,0.6,3.0,0.0,0,2020,6,0,1,en,[],0
500,0.6,4.0,0.0,0,2020,11,1,2,pa,['Music'],1
1,0.6,113.0,0.0,0,2020,12,1,4,en,['Drama',0
10,0.6,0.0,10.0,1,2020,9,1,1,pt,['Horror',0
1,0.6,7.0,9.0,1,2021,4,1,1,en,['Drama'],0
300,0.6,19.0,10.0,1,2020,11,1,3,pt,['Comedy',0
10,0.347,2.0,10.0,1,2021,4,1,3,es,['Documentary',0
